<application>
  <component name="ProjectJdkTable">
    <jdk version="2">
      <name value="Android Studio default JDK" />
      <type value="JavaSDK" />
      <version value="version 11.0.13" />
      <homePath value="$APPLICATION_HOME_DIR$/jre" />
      <roots>
        <annotationsPath>
          <root type="composite">
            <root url="jar://$APPLICATION_HOME_DIR$/plugins/java/lib/jdkAnnotations.jar!/" type="simple" />
          </root>
        </annotationsPath>
        <classPath>
          <root type="composite">
            <root url="jrt://C:/CookAndroid/android-studio/jre!/java.base" type="simple" />
            <root url="jrt://C:/CookAndroid/android-studio/jre!/java.compiler" type="simple" />
            <root url="jrt://C:/CookAndroid/android-studio/jre!/java.datatransfer" type="simple" />
            <root url="jrt://C:/CookAndroid/android-studio/jre!/java.desktop" type="simple" />
            <root url="jrt://C:/CookAndroid/android-studio/jre!/java.instrument" type="simple" />
            <root url="jrt://C:/CookAndroid/android-studio/jre!/java.logging" type="simple" />
            <root url="jrt://C:/CookAndroid/android-studio/jre!/java.management" type="simple" />
            <root url="jrt://C:/CookAndroid/android-studio/jre!/java.management.rmi" type="simple" />
            <root url="jrt://C:/CookAndroid/android-studio/jre!/java.naming" type="simple" />
            <root url="jrt://C:/CookAndroid/android-studio/jre!/java.net.http" type="simple" />
            <root url="jrt://C:/CookAndroid/android-studio/jre!/java.prefs" type="simple" />
            <root url="jrt://C:/CookAndroid/android-studio/jre!/java.rmi" type="simple" />
            <root url="jrt://C:/CookAndroid/android-studio/jre!/java.scripting" type="simple" />
            <root url="jrt://C:/CookAndroid/android-studio/jre!/java.se" type="simple" />
            <root url="jrt://C:/CookAndroid/android-studio/jre!/java.security.jgss" type="simple" />
            <root url="jrt://C:/CookAndroid/android-studio/jre!/java.security.sasl" type="simple" />
            <root url="jrt://C:/CookAndroid/android-studio/jre!/java.smartcardio" type="simple" />
            <root url="jrt://C:/CookAndroid/android-studio/jre!/java.sql" type="simple" />
            <root url="jrt://C:/CookAndroid/android-studio/jre!/java.sql.rowset" type="simple" />
            <root url="jrt://C:/CookAndroid/android-studio/jre!/java.transaction.xa" type="simple" />
            <root url="jrt://C:/CookAndroid/android-studio/jre!/java.xml" type="simple" />
            <root url="jrt://C:/CookAndroid/android-studio/jre!/java.xml.crypto" type="simple" />
            <root url="jrt://C:/CookAndroid/android-studio/jre!/jdk.accessibility" type="simple" />
            <root url="jrt://C:/CookAndroid/android-studio/jre!/jdk.aot" type="simple" />
            <root url="jrt://C:/CookAndroid/android-studio/jre!/jdk.attach" type="simple" />
            <root url="jrt://C:/CookAndroid/android-studio/jre!/jdk.charsets" type="simple" />
            <root url="jrt://C:/CookAndroid/android-studio/jre!/jdk.compiler" type="simple" />
            <root url="jrt://C:/CookAndroid/android-studio/jre!/jdk.crypto.cryptoki" type="simple" />
            <root url="jrt://C:/CookAndroid/android-studio/jre!/jdk.crypto.ec" type="simple" />
            <root url="jrt://C:/CookAndroid/android-studio/jre!/jdk.dynalink" type="simple" />
            <root url="jrt://C:/CookAndroid/android-studio/jre!/jdk.hotspot.agent" type="simple" />
            <root url="jrt://C:/CookAndroid/android-studio/jre!/jdk.httpserver" type="simple" />
            <root url="jrt://C:/CookAndroid/android-studio/jre!/jdk.internal.ed" type="simple" />
            <root url="jrt://C:/CookAndroid/android-studio/jre!/jdk.internal.jvmstat" type="simple" />
            <root url="jrt://C:/CookAndroid/android-studio/jre!/jdk.internal.le" type="simple" />
            <root url="jrt://C:/CookAndroid/android-studio/jre!/jdk.internal.opt" type="simple" />
            <root url="jrt://C:/CookAndroid/android-studio/jre!/jdk.internal.vm.ci" type="simple" />
            <root url="jrt://C:/CookAndroid/android-studio/jre!/jdk.internal.vm.compiler" type="simple" />
            <root url="jrt://C:/CookAndroid/android-studio/jre!/jdk.internal.vm.compiler.management" type="simple" />
            <root url="jrt://C:/CookAndroid/android-studio/jre!/jdk.jartool" type="simple" />
            <root url="jrt://C:/CookAndroid/android-studio/jre!/jdk.javadoc" type="simple" />
            <root url="jrt://C:/CookAndroid/android-studio/jre!/jdk.jdeps" type="simple" />
            <root url="jrt://C:/CookAndroid/android-studio/jre!/jdk.jdi" type="simple" />
            <root url="jrt://C:/CookAndroid/android-studio/jre!/jdk.jdwp.agent" type="simple" />
            <root url="jrt://C:/CookAndroid/android-studio/jre!/jdk.jfr" type="simple" />
            <root url="jrt://C:/CookAndroid/android-studio/jre!/jdk.jlink" type="simple" />
            <root url="jrt://C:/CookAndroid/android-studio/jre!/jdk.jsobject" type="simple" />
            <root url="jrt://C:/CookAndroid/android-studio/jre!/jdk.localedata" type="simple" />
            <root url="jrt://C:/CookAndroid/android-studio/jre!/jdk.management" type="simple" />
            <root url="jrt://C:/CookAndroid/android-studio/jre!/jdk.management.agent" type="simple" />
            <root url="jrt://C:/CookAndroid/android-studio/jre!/jdk.management.jfr" type="simple" />
            <root url="jrt://C:/CookAndroid/android-studio/jre!/jdk.naming.dns" type="simple" />
            <root url="jrt://C:/CookAndroid/android-studio/jre!/jdk.naming.rmi" type="simple" />
            <root url="jrt://C:/CookAndroid/android-studio/jre!/jdk.net" type="simple" />
            <root url="jrt://C:/CookAndroid/android-studio/jre!/jdk.pack" type="simple" />
            <root url="jrt://C:/CookAndroid/android-studio/jre!/jdk.scripting.nashorn" type="simple" />
            <root url="jrt://C:/CookAndroid/android-studio/jre!/jdk.scripting.nashorn.shell" type="simple" />
            <root url="jrt://C:/CookAndroid/android-studio/jre!/jdk.sctp" type="simple" />
            <root url="jrt://C:/CookAndroid/android-studio/jre!/jdk.security.auth" type="simple" />
            <root url="jrt://C:/CookAndroid/android-studio/jre!/jdk.security.jgss" type="simple" />
            <root url="jrt://C:/CookAndroid/android-studio/jre!/jdk.unsupported" type="simple" />
            <root url="jrt://C:/CookAndroid/android-studio/jre!/jdk.xml.dom" type="simple" />
            <root url="jrt://C:/CookAndroid/android-studio/jre!/jdk.zipfs" type="simple" />
          </root>
        </classPath>
        <javadocPath>
          <root type="composite" />
        </javadocPath>
        <sourcePath>
          <root type="composite" />
        </sourcePath>
      </roots>
      <additional />
    </jdk>
    <jdk version="2">
      <name value="Android API 33, extension level 3 Platform" />
      <type value="Android SDK" />
      <version value="version 11.0.13" />
      <homePath value="C:/CookAndroid/SDK" />
      <roots>
        <annotationsPath>
          <root type="composite">
            <root url="jar://C:/CookAndroid/SDK/platforms/android-33/data/annotations.zip!/" type="simple" />
          </root>
        </annotationsPath>
        <classPath>
          <root type="composite">
            <root url="jar://C:/CookAndroid/SDK/platforms/android-33/android.jar!/" type="simple" />
            <root url="file://C:/CookAndroid/SDK/platforms/android-33/data/res" type="simple" />
          </root>
        </classPath>
        <javadocPath>
          <root type="composite" />
        </javadocPath>
        <sourcePath>
          <root type="composite">
            <root url="file://C:/CookAndroid/SDK/sources/android-33" type="simple" />
          </root>
        </sourcePath>
      </roots>
      <additional jdk="Android Studio default JDK" sdk="android-33" />
    </jdk>
    <jdk version="2">
      <name value="11" />
      <type value="JavaSDK" />
      <version value="version 11.0.13" />
      <homePath value="$APPLICATION_HOME_DIR$/jre" />
      <roots>
        <annotationsPath>
          <root type="composite">
            <root url="jar://$APPLICATION_HOME_DIR$/plugins/java/lib/jdkAnnotations.jar!/" type="simple" />
          </root>
        </annotationsPath>
        <classPath>
          <root type="composite">
            <root url="jrt://C:/CookAndroid/android-studio/jre!/java.base" type="simple" />
            <root url="jrt://C:/CookAndroid/android-studio/jre!/java.compiler" type="simple" />
            <root url="jrt://C:/CookAndroid/android-studio/jre!/java.datatransfer" type="simple" />
            <root url="jrt://C:/CookAndroid/android-studio/jre!/java.desktop" type="simple" />
            <root url="jrt://C:/CookAndroid/android-studio/jre!/java.instrument" type="simple" />
            <root url="jrt://C:/CookAndroid/android-studio/jre!/java.logging" type="simple" />
            <root url="jrt://C:/CookAndroid/android-studio/jre!/java.management" type="simple" />
            <root url="jrt://C:/CookAndroid/android-studio/jre!/java.management.rmi" type="simple" />
            <root url="jrt://C:/CookAndroid/android-studio/jre!/java.naming" type="simple" />
            <root url="jrt://C:/CookAndroid/android-studio/jre!/java.net.http" type="simple" />
            <root url="jrt://C:/CookAndroid/android-studio/jre!/java.prefs" type="simple" />
            <root url="jrt://C:/CookAndroid/android-studio/jre!/java.rmi" type="simple" />
            <root url="jrt://C:/CookAndroid/android-studio/jre!/java.scripting" type="simple" />
            <root url="jrt://C:/CookAndroid/android-studio/jre!/java.se" type="simple" />
            <root url="jrt://C:/CookAndroid/android-studio/jre!/java.security.jgss" type="simple" />
            <root url="jrt://C:/CookAndroid/android-studio/jre!/java.security.sasl" type="simple" />
            <root url="jrt://C:/CookAndroid/android-studio/jre!/java.smartcardio" type="simple" />
            <root url="jrt://C:/CookAndroid/android-studio/jre!/java.sql" type="simple" />
            <root url="jrt://C:/CookAndroid/android-studio/jre!/java.sql.rowset" type="simple" />
            <root url="jrt://C:/CookAndroid/android-studio/jre!/java.transaction.xa" type="simple" />
            <root url="jrt://C:/CookAndroid/android-studio/jre!/java.xml" type="simple" />
            <root url="jrt://C:/CookAndroid/android-studio/jre!/java.xml.crypto" type="simple" />
            <root url="jrt://C:/CookAndroid/android-studio/jre!/jdk.accessibility" type="simple" />
            <root url="jrt://C:/CookAndroid/android-studio/jre!/jdk.aot" type="simple" />
            <root url="jrt://C:/CookAndroid/android-studio/jre!/jdk.attach" type="simple" />
            <root url="jrt://C:/CookAndroid/android-studio/jre!/jdk.charsets" type="simple" />
            <root url="jrt://C:/CookAndroid/android-studio/jre!/jdk.compiler" type="simple" />
            <root url="jrt://C:/CookAndroid/android-studio/jre!/jdk.crypto.cryptoki" type="simple" />
            <root url="jrt://C:/CookAndroid/android-studio/jre!/jdk.crypto.ec" type="simple" />
            <root url="jrt://C:/CookAndroid/android-studio/jre!/jdk.dynalink" type="simple" />
            <root url="jrt://C:/CookAndroid/android-studio/jre!/jdk.hotspot.agent" type="simple" />
            <root url="jrt://C:/CookAndroid/android-studio/jre!/jdk.httpserver" type="simple" />
            <root url="jrt://C:/CookAndroid/android-studio/jre!/jdk.internal.ed" type="simple" />
            <root url="jrt://C:/CookAndroid/android-studio/jre!/jdk.internal.jvmstat" type="simple" />
            <root url="jrt://C:/CookAndroid/android-studio/jre!/jdk.internal.le" type="simple" />
            <root url="jrt://C:/CookAndroid/android-studio/jre!/jdk.internal.opt" type="simple" />
            <root url="jrt://C:/CookAndroid/android-studio/jre!/jdk.internal.vm.ci" type="simple" />
            <root url="jrt://C:/CookAndroid/android-studio/jre!/jdk.internal.vm.compiler" type="simple" />
            <root url="jrt://C:/CookAndroid/android-studio/jre!/jdk.internal.vm.compiler.management" type="simple" />
            <root url="jrt://C:/CookAndroid/android-studio/jre!/jdk.jartool" type="simple" />
            <root url="jrt://C:/CookAndroid/android-studio/jre!/jdk.javadoc" type="simple" />
            <root url="jrt://C:/CookAndroid/android-studio/jre!/jdk.jdeps" type="simple" />
            <root url="jrt://C:/CookAndroid/android-studio/jre!/jdk.jdi" type="simple" />
            <root url="jrt://C:/CookAndroid/android-studio/jre!/jdk.jdwp.agent" type="simple" />
            <root url="jrt://C:/CookAndroid/android-studio/jre!/jdk.jfr" type="simple" />
            <root url="jrt://C:/CookAndroid/android-studio/jre!/jdk.jlink" type="simple" />
            <root url="jrt://C:/CookAndroid/android-studio/jre!/jdk.jsobject" type="simple" />
            <root url="jrt://C:/CookAndroid/android-studio/jre!/jdk.localedata" type="simple" />
            <root url="jrt://C:/CookAndroid/android-studio/jre!/jdk.management" type="simple" />
            <root url="jrt://C:/CookAndroid/android-studio/jre!/jdk.management.agent" type="simple" />
            <root url="jrt://C:/CookAndroid/android-studio/jre!/jdk.management.jfr" type="simple" />
            <root url="jrt://C:/CookAndroid/android-studio/jre!/jdk.naming.dns" type="simple" />
            <root url="jrt://C:/CookAndroid/android-studio/jre!/jdk.naming.rmi" type="simple" />
            <root url="jrt://C:/CookAndroid/android-studio/jre!/jdk.net" type="simple" />
            <root url="jrt://C:/CookAndroid/android-studio/jre!/jdk.pack" type="simple" />
            <root url="jrt://C:/CookAndroid/android-studio/jre!/jdk.scripting.nashorn" type="simple" />
            <root url="jrt://C:/CookAndroid/android-studio/jre!/jdk.scripting.nashorn.shell" type="simple" />
            <root url="jrt://C:/CookAndroid/android-studio/jre!/jdk.sctp" type="simple" />
            <root url="jrt://C:/CookAndroid/android-studio/jre!/jdk.security.auth" type="simple" />
            <root url="jrt://C:/CookAndroid/android-studio/jre!/jdk.security.jgss" type="simple" />
            <root url="jrt://C:/CookAndroid/android-studio/jre!/jdk.unsupported" type="simple" />
            <root url="jrt://C:/CookAndroid/android-studio/jre!/jdk.xml.dom" type="simple" />
            <root url="jrt://C:/CookAndroid/android-studio/jre!/jdk.zipfs" type="simple" />
          </root>
        </classPath>
        <javadocPath>
          <root type="composite" />
        </javadocPath>
        <sourcePath>
          <root type="composite" />
        </sourcePath>
      </roots>
      <additional />
    </jdk>
    <jdk version="2">
      <name value="Android API 32 Platform" />
      <type value="Android SDK" />
      <version value="version 11.0.13" />
      <homePath value="C:/CookAndroid/SDK" />
      <roots>
        <annotationsPath>
          <root type="composite">
            <root url="jar://C:/CookAndroid/SDK/platforms/android-32/data/annotations.zip!/" type="simple" />
          </root>
        </annotationsPath>
        <classPath>
          <root type="composite">
            <root url="jar://C:/CookAndroid/SDK/platforms/android-32/android.jar!/" type="simple" />
            <root url="file://C:/CookAndroid/SDK/platforms/android-32/data/res" type="simple" />
          </root>
        </classPath>
        <javadocPath>
          <root type="composite">
            <root url="http://developer.android.com/reference/" type="simple" />
          </root>
        </javadocPath>
        <sourcePath>
          <root type="composite" />
        </sourcePath>
      </roots>
      <additional jdk="Android Studio default JDK" sdk="android-32" />
    </jdk>
    <jdk version="2">
      <name value="Android API 34, extension level 7 Platform" />
      <type value="Android SDK" />
      <version value="version 11.0.13" />
      <homePath value="C:/CookAndroid/SDK" />
      <roots>
        <annotationsPath>
          <root type="composite">
            <root url="jar://C:/CookAndroid/SDK/platforms/android-34/data/annotations.zip!/" type="simple" />
          </root>
        </annotationsPath>
        <classPath>
          <root type="composite">
            <root url="jar://C:/CookAndroid/SDK/platforms/android-34/android.jar!/" type="simple" />
            <root url="file://C:/CookAndroid/SDK/platforms/android-34/data/res" type="simple" />
          </root>
        </classPath>
        <javadocPath>
          <root type="composite" />
        </javadocPath>
        <sourcePath>
          <root type="composite">
            <root url="file://C:/CookAndroid/SDK/sources/android-34" type="simple" />
          </root>
        </sourcePath>
      </roots>
      <additional jdk="Android Studio default JDK" sdk="android-34" />
    </jdk>
  </component>
</application>