<application>
  <component name="ProjectManager">
    <defaultProject>
      <component name="GradleLocalSettings">
        <option name="myGradleUserHome" value="C:/CookAndroid/.gradle" />
      </component>
      <component name="ProjectViewState">
        <option name="autoscrollToSource" value="true" />
        <option name="hideEmptyMiddlePackages" value="true" />
        <option name="showLibraryContents" value="true" />
      </component>
      <component name="PropertiesComponent">
        <property name="last_opened_file_path" value="C:/CookAndroid/.gradle" />
        <property name="settings.editor.selected.configurable" value="AndroidSdkUpdater" />
      </component>
    </defaultProject>
  </component>
</application>