<keymap version="1" name="Windows copy" parent="$default">
  <action id="ActivateCommitToolWindow">
    <keyboard-shortcut first-keystroke="ctrl g" second-keystroke="ctrl c" />
  </action>
  <action id="ActivateProjectToolWindow">
    <keyboard-shortcut first-keystroke="ctrl w" second-keystroke="ctrl s" />
  </action>
  <action id="ActivateVersionControlToolWindow">
    <keyboard-shortcut first-keystroke="ctrl g" second-keystroke="ctrl r" />
  </action>
  <action id="ChangesView.ToggleCommitUi" />
  <action id="CheckinProject" />
  <action id="ChooseDebugConfiguration" />
  <action id="CommentByLineComment">
    <keyboard-shortcut first-keystroke="ctrl k" second-keystroke="c" />
  </action>
  <action id="CompileDirty">
    <keyboard-shortcut first-keystroke="ctrl b" />
  </action>
  <action id="CopyElement" />
  <action id="Debug">
    <keyboard-shortcut first-keystroke="f5" />
  </action>
  <action id="Diff.NextChange" />
  <action id="Diff.PrevChange" />
  <action id="EditorSelectWord" />
  <action id="Git.Commit.Stage" />
  <action id="GotoDeclaration">
    <mouse-shortcut keystroke="control button1" />
    <mouse-shortcut keystroke="button2" />
  </action>
  <action id="GotoImplementation">
    <keyboard-shortcut first-keystroke="f12" />
  </action>
  <action id="GotoLine" />
  <action id="JumpToLastWindow" />
  <action id="NextDiff" />
  <action id="NextEditorTab">
    <keyboard-shortcut first-keystroke="shift f7" />
  </action>
  <action id="OverrideMethods" />
  <action id="PreviousDiff" />
  <action id="PreviousEditorTab">
    <keyboard-shortcut first-keystroke="f7" />
  </action>
  <action id="ReformatCode">
    <keyboard-shortcut first-keystroke="ctrl k" second-keystroke="ctrl f" />
  </action>
  <action id="RenameElement">
    <keyboard-shortcut first-keystroke="ctrl r" second-keystroke="ctrl r" />
  </action>
  <action id="Replace" />
  <action id="Resume">
    <keyboard-shortcut first-keystroke="f5" />
  </action>
  <action id="RevealIn">
    <keyboard-shortcut first-keystroke="ctrl o" />
  </action>
  <action id="ShowBookmarks">
    <keyboard-shortcut first-keystroke="ctrl k" second-keystroke="ctrl w" />
  </action>
  <action id="SmartSelect" />
  <action id="SmartStepInto" />
  <action id="StepInto">
    <keyboard-shortcut first-keystroke="f11" />
  </action>
  <action id="StepOver">
    <keyboard-shortcut first-keystroke="f10" />
  </action>
  <action id="SwitchHeaderSource" />
  <action id="ToggleBookmark">
    <keyboard-shortcut first-keystroke="ctrl k" second-keystroke="ctrl k" />
  </action>
  <action id="ToggleLineBreakpoint">
    <keyboard-shortcut first-keystroke="f9" />
  </action>
  <action id="UpdateRunningApplication" />
  <action id="UsageFiltering.ReadAccess" />
  <action id="UsageFiltering.WriteAccess" />
  <action id="android.deploy.ApplyChanges">
    <keyboard-shortcut first-keystroke="ctrl f10" />
  </action>
  <action id="android.deploy.CodeSwap">
    <keyboard-shortcut first-keystroke="ctrl alt f10" />
  </action>
  <action id="org.intellij.plugins.markdown.ui.actions.styling.ToggleBoldAction" />
</keymap>