<keymap version="1" name="Windows copy" parent="$default">
  <action id="ActivateCommitToolWindow">
    <keyboard-shortcut first-keystroke="ctrl g" second-keystroke="ctrl c" />
  </action>
  <action id="ActivateProjectToolWindow">
    <keyboard-shortcut first-keystroke="ctrl w" second-keystroke="ctrl s" />
  </action>
  <action id="ActivateVersionControlToolWindow">
    <keyboard-shortcut first-keystroke="ctrl g" second-keystroke="ctrl r" />
  </action>
  <action id="ChangesView.ToggleCommitUi" />
  <action id="CheckinProject" />
  <action id="CommentByLineComment">
    <keyboard-shortcut first-keystroke="ctrl k" second-keystroke="c" />
  </action>
  <action id="Diff.NextChange" />
  <action id="Diff.PrevChange" />
  <action id="EditorSelectWord" />
  <action id="Git.Commit.Stage" />
  <action id="GotoLine" />
  <action id="NextDiff" />
  <action id="NextEditorTab">
    <keyboard-shortcut first-keystroke="shift f7" />
  </action>
  <action id="PreviousDiff" />
  <action id="PreviousEditorTab">
    <keyboard-shortcut first-keystroke="f7" />
  </action>
  <action id="ReformatCode">
    <keyboard-shortcut first-keystroke="ctrl k" second-keystroke="ctrl f" />
  </action>
  <action id="RenameElement">
    <keyboard-shortcut first-keystroke="ctrl r" second-keystroke="ctrl r" />
  </action>
  <action id="Replace" />
  <action id="SmartSelect" />
  <action id="SmartStepInto" />
  <action id="StepInto" />
  <action id="UpdateRunningApplication" />
  <action id="UsageFiltering.ReadAccess" />
  <action id="UsageFiltering.WriteAccess" />
  <action id="android.deploy.ApplyChanges">
    <keyboard-shortcut first-keystroke="ctrl f10" />
  </action>
  <action id="android.deploy.CodeSwap">
    <keyboard-shortcut first-keystroke="ctrl alt f10" />
  </action>
</keymap>